Workbook

Sheet Instructions
A1: IST2106 WEEK 2 - PEER ASSESSMENT
A2: Group number | B2: Evening A Group 6
A3: Venture name | B3: JengaConnect
A4: Instructions | B4: Each student rates every OTHER member. No self-rating.
A5: Scale | B5: Use whole-number scores, up to each criterion maximum.
A6: Role completion | B6: 0-5
A7: Quality of contribution | B7: 0-5
A8: Recorded participation | B8: 0-4
A9: Collaboration and reliability | B9: 0-3
A10: Evidence of work | B10: 0-3
A12: Submission | B12: One completed workbook per group through MUELE
A13: Peer score | B13: Average of all four completed ratings received, out of 20
A14: Lecturer decision | B14: Peer scores inform, but do not automatically determine, individual marks.
... A17: Member number | B17: Full name and registration number
A18: 1 | B18: LUYOBYA VICENT 25/U/03863/EVE
A19: 2 | B19: YIGA AKRAM 23/U/18680/PS
A20: 3 | B20: KWAGALA ELVIS 25/U/0365
A21: 4 | B21: MUGANWA EDRINE 25/U/03890/EVE
A22: 5 | B22: MUJUNI NASEEM 25/U/03899/EVE

Sheet Peer Ratings
A1: Assessor member # | B1: Assessed member # | C1: Role /5 | D1: Quality /5 | E1: Participation /4 | F1: Collaboration /3 | G1: Evidence /3 | H1: Total /20 | I1: Evidence / timestamp | J1: Constructive comment
A2: 1 | B2: 2 | H2: =IF(COUNT(C2:G2)=5,SUM(C2:G2),"")
A3: 1 | B3: 3 | H3: =IF(COUNT(C3:G3)=5,SUM(C3:G3),"")
A4: 1 | B4: 4 | H4: =IF(COUNT(C4:G4)=5,SUM(C4:G4),"")
A5: 1 | B5: 5 | H5: =IF(COUNT(C5:G5)=5,SUM(C5:G5),"")
A7: 2 | B7: 1 | H7: =IF(COUNT(C7:G7)=5,SUM(C7:G7),"")
A8: 2 | B8: 3 | H8: =IF(COUNT(C8:G8)=5,SUM(C8:G8),"")
A9: 2 | B9: 4 | H9: =IF(COUNT(C9:G9)=5,SUM(C9:G9),"")
A10: 2 | B10: 5 | H10: =IF(COUNT(C10:G10)=5,SUM(C10:G10),"")
A12: 3 | B12: 1 | H12: =IF(COUNT(C12:G12)=5,SUM(C12:G12),"")
A13: 3 | B13: 2 | H13: =IF(COUNT(C13:G13)=5,SUM(C13:G13),"")
A14: 3 | B14: 4 | H14: =IF(COUNT(C14:G14)=5,SUM(C14:G14),"")
A15: 3 | B15: 5 | H15: =IF(COUNT(C15:G15)=5,SUM(C15:G15),"")
... A25: 5 | B25: 4 | H25: =IF(COUNT(C25:G25)=5,SUM(C25:G25),"")

Sheet Summary
A1: Member # | B1: Ratings received | C1: Average peer score /20 | D1: Lecturer verified score /20
A2: 1 | B2: =COUNT('Peer Ratings'!H7,'Peer Ratings'!H12,'Peer Ratings'!H17,'Peer Ratings'!H22) | C2: =IF(B2<4,"",AVERAGE('Peer Ratings'!H7,'Peer Ratings'!H12,'Peer Ratings'!H17,'Peer Ratings'!H22))
A3: 2 | B3: =COUNT('Peer Ratings'!H2,'Peer Ratings'!H13,'Peer Ratings'!H18,'Peer Ratings'!H23) | C3: =IF(B3<4,"",AVERAGE('Peer Ratings'!H2,'Peer Ratings'!H13,'Peer Ratings'!H18,'Peer Ratings'!H23))
A4: 3 | B4: =COUNT('Peer Ratings'!H3,'Peer Ratings'!H8,'Peer Ratings'!H19,'Peer Ratings'!H24) | C4: =IF(B4<4,"",AVERAGE('Peer Ratings'!H3,'Peer Ratings'!H8,'Peer Ratings'!H19,'Peer Ratings'!H24))
A5: 4 | B5: =COUNT('Peer Ratings'!H4,'Peer Ratings'!H9,'Peer Ratings'!H14,'Peer Ratings'!H25) | C5: =IF(B5<4,"",AVERAGE('Peer Ratings'!H4,'Peer Ratings'!H9,'Peer Ratings'!H14,'Peer Ratings'!H25))
A6: 5 | B6: =COUNT('Peer Ratings'!H5,'Peer Ratings'!H10,'Peer Ratings'!H15,'Peer Ratings'!H20) | C6: =IF(B6<4,"",AVERAGE('Peer Ratings'!H5,'Peer Ratings'!H10,'Peer Ratings'!H15,'Peer Ratings'!H20))
A10: Expected ratings per member | B10: 4 ratings for each of the five members
A11: Important | B11: Member 6 rows are blank. Lecturer verified marks are entered only by the lecturer.
